{"cameraMode":{"drawMode":0,"name":"Shaded","section":"Shading Mode"},"sceneLighting":true,"audioPlay":false,"sceneViewState":{"showFog":true,"showMaterialUpdate":false,"showSkybox":true,"showFlares":true,"showImageEffects":true,"showParticleSystems":true},"in2DMode":false,"pivot":{"x":-6.450868606567383,"y":10.419116973876954,"z":2.5403385162353517},"rotation":{"x":-0.08718974888324738,"y":-0.014347448945045472,"z":0.001255870913155377,"w":-0.9960881471633911},"size":24.796916961669923,"orthographic":false}